path_id,coefficients,max_lat,max_long,min_lat,min_long
DCA0,"[ 1.72390159e-33 -5.31241175e-32 -4.30091270e-31  2.70914377e-28
 -3.17321348e-26  2.78900947e-24 -2.09793013e-22  1.38245006e-20
 -7.72451121e-19  3.11948097e-17  2.88706976e-19 -1.85159328e-13
  2.72046269e-11 -2.88911329e-09  2.60170850e-07 -2.05245814e-05
  1.38575159e-03 -7.02087436e-02  6.61897733e-01  4.84714867e+02
 -9.33443712e+04]",38.839835111255525,-77.011533,38.58993530261796,-77.03656
DCA1,"[ 2.32545169e-30 -5.67732953e-32 -7.26376005e-27  7.46615220e-25
 -5.20513648e-23  2.64937882e-21 -6.55115479e-20 -5.79291080e-18
  1.14777897e-15 -1.24120384e-13  1.05241488e-11 -7.37514193e-10
  4.05400443e-08 -1.21929471e-06 -8.09762911e-05  1.95308757e-02
 -2.28112532e+00  1.94418298e+02 -1.12404033e+04  5.12415217e+02
  1.26750100e+08]",38.94707275927067,-77.038757,38.86702236533165,-77.130054
