path_id,coefficients,max_lat,max_long,min_lat,min_long
DEN0,"[ 4.76869398e-37 -3.48487412e-35  2.23689327e-33 -1.03873988e-31
 -9.39989648e-31  1.14400183e-27 -2.09206600e-25  2.91695070e-23
 -3.59520876e-21  4.10100574e-19 -4.40592572e-17  4.47876413e-15
 -4.28530461e-13  3.78808075e-11 -2.94612090e-09  1.71467434e-07
 -4.49192877e-07 -2.11635102e-03  4.82706224e-01 -8.15021753e+01
  1.21542801e+04]",40.13017283980662,-104.684039,39.88921107655551,-104.686929
DEN1,"[ 2.13025006e-35 -1.56057583e-33  1.00688602e-31 -4.75341298e-30
 -2.71977329e-29  4.93112428e-26 -9.13961243e-24  1.28041214e-21
 -1.58216889e-19  1.80789326e-17 -1.94512056e-15  1.98016930e-13
 -1.89804439e-11  1.68233452e-09 -1.31510092e-07  7.76758743e-06
 -4.59506840e-05 -9.00589524e-02  2.08817791e+01 -3.54434393e+03
  5.29898710e+05]",40.01276539335959,-104.658325,39.86150408373214,-104.660217
DEN2,"[-1.36443795e-36  1.00089354e-34 -6.47271184e-33  3.07514831e-31
  1.39793359e-30 -3.12324491e-27  5.82100789e-25 -8.17311778e-23
  1.01133592e-20 -1.15687552e-18  1.24590170e-16 -1.26959531e-14
  1.21828380e-12 -1.08137312e-10  8.47275919e-09 -5.03333027e-07
  3.57308206e-06  5.70588027e-03 -1.33201892e+00  2.26639887e+02
 -3.39311378e+04]",40.02183551372582,-104.69458,39.89769167127815,-104.696125
DEN3,"[ 6.20353846e-36 -2.59875316e-34 -2.86495762e-33  2.45030042e-30
 -3.90161413e-28  4.66200619e-26 -4.76757455e-24  4.27114317e-22
 -3.24459038e-20  1.78150683e-18 -4.47054928e-21 -1.95388570e-14
  3.90313833e-12 -5.63551501e-10  6.89956625e-08 -7.40001015e-06
  6.79272534e-04 -4.67922385e-02  6.00705303e-01  5.96849150e+02
 -1.56280241e+05]",39.84226823251811,-104.710932,39.84062763475231,-104.754997
DEN4,"[-5.97362954e-36  2.50054996e-34  2.74067803e-33 -2.35058432e-30
  3.73976981e-28 -4.46441743e-26  4.56115205e-24 -4.08240674e-22
  3.09859870e-20 -1.70053912e-18  2.07766022e-19  1.85700600e-14
 -3.70784447e-12  5.34898460e-10 -6.54258947e-08  7.01029856e-06
 -6.42867908e-04  4.42428095e-02 -5.68259059e-01 -5.62952582e+02
  1.47268756e+05]",39.878067329060286,-104.576648,39.87701080585248,-104.631938
