path_id,coefficients,max_lat,max_long,min_lat,min_long
ATL0,"[-5.06957605e-34  1.63921404e-35  1.89613859e-30 -2.13302123e-28
  1.62748998e-26 -9.06640724e-25  2.45514956e-23  2.37195821e-21
 -5.14582553e-19  6.09026701e-17 -5.65179378e-15  4.33460292e-13
 -2.60775692e-11  8.58760069e-10  6.23160142e-08 -1.64593620e-05
  2.10390573e-03 -1.96252892e-01  1.24186289e+01 -8.71847070e-01
 -1.67650532e+05]",33.649558085075114,-84.249498,33.649433243175736,-84.404764
ATL1,"[ 2.21029548e-34 -5.94118794e-37 -8.27959002e-31  9.31432539e-29
 -7.10723220e-27  3.95872498e-25 -1.06965136e-23 -1.04069903e-21
  2.25391253e-19 -2.66725647e-17  2.47538852e-15 -1.89861186e-13
  1.14205519e-11 -3.75416123e-10 -2.74452890e-08  7.23162625e-06
 -9.24195334e-04  8.62106951e-02 -5.45464725e+00 -1.14770112e-01
  7.37942448e+04]",33.63189114409033,-84.281896,33.63184095273027,-84.412365
ATL2,"[-9.89726629e-33  6.59100370e-34  3.69094812e-29 -4.15021123e-27
  3.16452749e-25 -1.76224654e-23  4.78193103e-22  4.57952642e-20
 -9.94873750e-18  1.17710395e-15 -1.09168384e-13  8.36743215e-12
 -5.03217512e-10  1.65944406e-08  1.19369423e-06 -3.15927338e-04
  4.03697622e-02 -3.76338817e+00  2.38007754e+02 -3.02880858e+01
 -3.20434999e+06]",33.63189466204494,-84.155388,33.631542100105435,-84.278758
ATL3,"[-6.33339979e-33  1.40771009e-34  2.36321379e-29 -2.65439978e-27
  2.02232661e-25 -1.12483474e-23  3.03899759e-22  2.93891241e-20
 -6.36323550e-18  7.51961410e-16 -6.96811654e-14  5.33619880e-12
 -3.20560835e-10  1.05335001e-08  7.65249031e-07 -2.01642500e-04
  2.57358699e-02 -2.39725782e+00  1.51460725e+02 -6.47169631e+00
 -2.04013358e+06]",33.64942889334634,-84.153671,33.64918275969103,-84.247284
ATL4,"[-3.86077094e-34  1.30284850e-32  1.17769506e-31 -8.01411311e-29
  1.02819580e-26 -9.90327436e-25  8.16395526e-23 -5.89526500e-21
  3.60853562e-19 -1.59424351e-17 -5.82368601e-18  1.14663690e-13
 -1.84307022e-11  2.14422838e-09 -2.11597831e-07  1.82940711e-05
 -1.35356351e-03  7.51194803e-02 -7.65413645e-01 -6.25449909e+02
  1.31904045e+05]",33.64931243340834,-84.443384,33.64662194738048,-84.477913
