path_id,coefficients,max_lat,max_long,min_lat,min_long
JFK0,"[-2.60566245e-32  1.36342831e-33  7.44208272e-29 -7.32091289e-27
  4.88436704e-25 -2.37979636e-23  5.64699274e-22  4.73966452e-20
 -9.00598486e-18  9.32234031e-16 -7.56478552e-14  5.07327200e-12
 -2.66940293e-10  7.69945116e-09  4.85329503e-07 -1.12337377e-04
  1.25591111e-02 -1.02440703e+00  5.66864878e+01 -5.86720413e+00
 -5.84415759e+05]",40.79525852750521,-73.637113,40.65005755180027,-73.751099
JFK1,"[ 4.71883292e-32 -1.39211169e-30 -1.08782375e-29  6.52245428e-27
 -7.31456841e-25  6.15652348e-23 -4.43497447e-21  2.79864210e-19
 -1.49735405e-17  5.78751075e-16  6.63821854e-17 -3.16008494e-12
  4.44377471e-10 -4.51885432e-08  3.89699174e-06 -2.94417343e-04
  1.90364933e-02 -9.23532103e-01  8.30382054e+00  5.85490030e+03
 -1.07956425e+06]",40.63059183768928,-73.778748,40.60981394001283,-73.794128
