path_id,coefficients,max_lat,max_long,min_lat,min_long
LGA0,"[ 1.44164924e-34 -4.26446323e-33 -3.24713742e-32  1.99180527e-29
 -2.23900437e-27  1.88781427e-25 -1.36225954e-23  8.61356846e-22
 -4.62143580e-20  1.79726704e-18 -1.14797605e-18 -9.63897178e-15
  1.36401773e-12 -1.39123879e-10  1.20256073e-08 -9.10631190e-07
  5.90523830e-05 -2.88138016e-03  2.81807134e-02  1.79117685e+01
 -3.32768594e+03]",40.90460282797949,-73.771383,40.787034458950984,-73.869386
LGA1,"[-3.65095726e-32  1.07838111e-30  8.47309369e-30 -5.07123194e-27
  5.69429505e-25 -4.79930824e-23  3.46200291e-21 -2.18762682e-19
  1.17192875e-17 -4.53386229e-16 -8.72551979e-17  2.48787372e-12
 -3.50174520e-10  3.56545304e-08 -3.07892859e-06  2.32932046e-04
 -1.50813726e-02  7.32558540e-01 -6.57215524e+00 -4.66187168e+03
  8.60597666e+05]",40.82448742585257,-73.863098,40.782123434590176,-73.921143
LGA2,"[-1.26271182e-30  5.63507715e-33  3.63162148e-27 -3.57991802e-25
  2.39362831e-23 -1.16828757e-21  2.76672673e-20  2.35741699e-18
 -4.47476450e-16  4.64013525e-14 -3.77346853e-12  2.53603547e-10
 -1.33676067e-08  3.85137084e-07  2.46526784e-05 -5.69373530e-03
  6.37659847e-01 -5.21244405e+01  2.89015467e+03 -2.46375928e+01
 -3.00077661e+07]",40.76642518490553,-73.886303,40.663345135748386,-73.971509
