path_id,coefficients,max_lat,max_long,min_lat,min_long
PHL0,"[ 5.52935336e-34 -1.11563328e-34 -1.63553376e-30  1.64440416e-28
 -1.12086932e-26  5.58657945e-25 -1.37110960e-23 -1.13135419e-21
  2.21799762e-19 -2.34831207e-17  1.94685208e-15 -1.33386198e-13
  7.17756086e-12 -2.13390822e-10 -1.32453086e-08  3.17055219e-06
 -3.62535998e-04  3.02041028e-02 -1.70718320e+00  4.54297440e-01
  1.82691865e+04]",39.928736594727525,-74.952725,39.87606623666579,-75.218731
PHL1,"[ 2.41113218e-33 -7.25514954e-32 -5.79066795e-31  3.53778776e-28
 -4.04671276e-26  3.47421179e-24 -2.55280381e-22  1.64317304e-20
 -8.96720865e-19  3.53492705e-17  4.86884087e-18 -2.00938041e-13
  2.88187246e-11 -2.98919182e-09  2.62944332e-07 -2.02635275e-05
  1.33647555e-03 -6.61395438e-02  6.07188608e-01  4.36174330e+02
 -8.20420050e+04]",39.8652936436265,-75.253601,39.855379738117335,-75.306144
