path_id,coefficients,max_lat,max_long,min_lat,min_long
BOS0,"[ 2.28115159e-34 -6.48193336e-33 -4.84264965e-32  2.81138905e-29
 -3.03675460e-27  2.46162559e-25 -1.70797227e-23  1.03839235e-21
 -5.35620510e-20  2.00135473e-18 -9.49798295e-19 -9.96737500e-15
  1.35524012e-12 -1.32906122e-10  1.10481300e-08 -8.04689298e-07
  5.02029000e-05 -2.35843801e-03  2.26242033e-02  1.34847488e+01
 -2.41331887e+03]",42.34918452313195,-71.012687,42.18058542603421,-71.094062
BOS1,"[-3.71269550e-30  1.58197872e-31  9.83054140e-27 -9.31019591e-25
  5.98015617e-23 -2.80525643e-21  6.40371358e-20  5.18358037e-18
 -9.47723590e-16  9.44474536e-14 -7.37846271e-12  4.76369359e-10
 -2.41307212e-08  6.69931845e-07  4.07422259e-05 -9.06788384e-03
  9.75716666e-01 -7.66294854e+01  4.08162360e+03 -3.70957206e+02
 -3.90210882e+07]",42.36991358548403,-70.931311,42.35956607013941,-70.990714
BOS2,"[-1.01707892e-34  2.86827580e-33  2.36833669e-32 -1.26684881e-29
  1.35970768e-27 -1.09776834e-25  7.58564496e-24 -4.58689797e-22
  2.34403198e-20 -8.53774823e-19 -2.59153234e-18  4.65754389e-15
 -6.17739323e-13  5.99737394e-11 -4.95060517e-09  3.58042268e-07
 -2.21118697e-05  1.01394188e-03 -5.95286735e-03 -6.41898549e+00
  1.11332042e+03]",42.44444702596161,-70.966506,42.375165728173215,-71.000144
BOS3,"[-3.70633307e-34  1.05278895e-32  8.05871305e-32 -4.59654646e-29
  4.96405934e-27 -4.02503070e-25  2.79316740e-23 -1.69758830e-21
  8.74177057e-20 -3.24328074e-18 -2.24921517e-18  1.67125315e-14
 -2.25581865e-12  2.20750424e-10 -1.83292363e-08  1.33326032e-06
 -8.29528772e-05  3.86281851e-03 -3.09297379e-02 -2.31789700e+01
  4.09659290e+03]",42.16174531924298,-71.103132,42.10432179228246,-71.130662
BOS4,"[ 3.08157025e-33 -8.74017801e-32 -6.52313044e-31  3.77755599e-28
 -4.07249164e-26  3.29467423e-24 -2.28119809e-22  1.38368682e-20
 -7.11687249e-19  2.64593633e-17 -4.04172761e-19 -1.32976489e-13
  1.79868799e-11 -1.75839671e-09  1.45761953e-07 -1.05852018e-05
  6.57920680e-04 -3.06929796e-02  2.68106366e-01  1.79236045e+02
 -3.17867355e+04]",42.378219935158995,-70.881979,42.370951517659705,-70.925627
