path_id,coefficients,max_lat,max_long,min_lat,min_long
IAD0,"[ 7.31335961e-34 -3.96357201e-32  1.89114756e-30 -6.59138457e-29
 -3.02677897e-28  3.77861766e-25 -5.17251445e-23  5.35901337e-21
 -4.89885001e-19  4.14165156e-17 -3.29704979e-15  2.48346374e-13
 -1.76122868e-11  1.15482438e-09 -6.67569914e-08  2.91155546e-06
 -1.16739184e-05 -1.86692619e-02  3.19529693e+00 -4.01046944e+02
  4.43561761e+04]",39.15751313913643,-77.456665,38.97473160039954,-77.45929
IAD1,"[-3.78439907e-33  2.05147497e-31 -9.79575740e-30  3.42448170e-28
  1.40619745e-27 -1.93851219e-24  2.66027952e-22 -2.75816116e-20
  2.52197652e-18 -2.13235859e-16  1.69756501e-14 -1.27871894e-12
  9.06943076e-11 -5.94850655e-09  3.44138271e-07 -1.50508472e-05
  6.78255531e-05  9.51977339e-02 -1.63466277e+01  2.05343982e+03
 -2.27173806e+05]",39.166315529699204,-77.432596,39.04428271460347,-77.43457
IAD2,"[-5.77148396e-34  3.13013372e-32 -1.49601477e-30  5.24447646e-29
  1.94277920e-28 -2.93914184e-25  4.04320553e-23 -4.19568468e-21
  3.83833014e-19 -3.24652354e-17  2.58535609e-15 -1.94807855e-13
  1.38221217e-11 -9.07055771e-10  5.25257808e-08 -2.30319441e-06
  1.13399241e-05  1.44083545e-02 -2.48171972e+00  3.12065538e+02
 -3.45419004e+04]",39.03739341919572,-77.434686,38.957742413193046,-77.43594
IAD3,"[ 1.22646349e-32 -6.64972526e-31  3.17549141e-29 -1.10973373e-27
 -4.66010467e-27  6.29990759e-24 -8.64337152e-22  8.96220938e-20
 -8.19622393e-18  6.93144839e-16 -5.51932559e-14  4.15843712e-12
 -2.95001754e-10  1.93520321e-08 -1.11965439e-06  4.89531440e-05
 -2.15993263e-04 -3.10589073e-01  5.33104406e+01 -6.69719846e+03
  7.41046199e+05]",39.21790080622304,-77.455627,39.16937650903128,-77.456778
IAD4,"[ 6.51079145e-33 -3.52888669e-31  1.68457341e-29 -5.88439218e-28
 -2.48234982e-27  3.34016419e-24 -4.58067403e-22  4.74796166e-20
 -4.34070404e-18  3.66967702e-16 -2.92111273e-14  2.20014216e-12
 -1.56027907e-10  1.02319373e-08 -5.91779167e-07  2.58621201e-05
 -1.13526017e-04 -1.64074693e-01  2.81491831e+01 -3.53500339e+03
  3.91017247e+05]",39.228102940891404,-77.431702,39.17248097411357,-77.432835
